abbreviation,long_form
?,I don't understand what you mean
?4U,I have a question for you
;S,Gentle warning
^^,read above
<3,love
<33,love
@TEOTD,at the end of the day
0.02,my two cents
2NTE,tonight
1CE,once
1NAM,one in a million
1DR,I wonder
2G2BT,too good to be true
2M2H,Too much too handle
2MOR,Tomorrow
2MORO,Tomorrow
2N8,Tonight
2NTE,Tonight
4EVA,Forever
*s*,smile  
*w*,wink 
AAMOF,As a matter of fact
AAF,As a matter of fact
ABT,About
ABT2,about to
ACK,Acknowledge
ADIH,Another day in hell
ADIP,Another day in paradise
ADMIN,Administrator
ADMINR,Administrator 
af,as fuck
AFAIAA,As far as I am aware
AFAIC,As far as I am concerned
AFAIK,As far as I know
AFAIUI,As far as I understand it
AFAP,As far as possible
AISB,As I said before
AKA,Also known as
ALOL,Actually laughing out loud
AMA,Ask me anything
AMAP,As much as possible
AMOF,As a matter of fact
AOM,Age of Mythology 
AOTA,All of the above
ASAP,As soon as possible
ASL,Age sex location
AWOL,Absent without leave
AYTMTB,And you're telling me this because
B2B,business-to-business
B2C,business-to-consumer
B2W,Back to work
BAE,babe
BB,Be back
BBQ,Barbeque
BCOS,Because
BCOZ,Because
BDAY,Birthday
B-DAY,Birthday
BF,Boyfriend
BFFs,Best friends forever
BIH,Burn in hell
BOYF,Boyfriend
BSOD,Blue screen of death
BTW,By the way
CAM,Camera
Cakeday,Birthday
CIAO,bye
CMON,Come on
COS,Because
CU,See you
CU2,See you
CYA,See you
DAFUQ,what the fuck
DEEZ NUTZ,irritate
DERP,stupid
DIY,Do it yourself
DM,Direct message
DND,do not disturb
ELI5,Explain like I'm 5
EM,E-mail
EOD,End of discussion
EOL,End of life
ETA,Estimated time of arrival
EVA,Ever
EVO,Evolution
F2P,Free to play
FAB,Fabulous
Facepalm,smacking head with palm
FAQ,Frequently asked questions
FB,facebook
FML,Fuck my life
FTL,For the loss
FTW,For the win
FU,fuck you
FYI,For your information
G2G,Got to go
GBTW,Get back to work
GBU,God bless you
GFI,Go for it
GF,Girl friend
GNIGHT,Good night
GNITE,Good night
GNSD,Good night sweet dreams
GRATZ,Congratulations
GTFO,Get the fuck out
GTFOH,Get the fuck out of here
GTG,Got to go
GUD,Good 
H8,Hate
HAWT,sexy
HAGO,Have a good one
HBD,Happy birthday
H-BDAY,Happy Birthday
HBU,How about you
HUYA,Head up your ass
IDGAF, I don't give a fuck
IDK,I don't know
IG,Instagram
IIRC,If I remember correctly
ILU,I love you
ILYSM,I love you so much
ILY,I love you
IM,Instant message
IMAO,In my arrogant opinion
IMHO,In my humble opinion
IMO,In my opinion
IRL,In real life
IRMC,I rest my case
ITT,In This Thread
ITYK,I thought you knew
IYKWIM,If you know what I mean
IYSS,If you say so
JAM,Just a minute
JK,Just kidding
JLMK,Just let me know
JTLYK,Just to let you know
K,Okay
KK,Okay Okay
KEWL,Cool
LFM,Looking for more
LGH,Lets get high
LHM,Lord help me
LMAO,Laughing my ass off
LMBO,Laughing my butt off
LMFAO,Laughing my freaking ass off
LMK,Let me know
LOL,laugh out loud
LOTR,Lord of The Rings
LULZ,laughs
LYSM,Love you so much
M8,Mate
MEH,so-so
MFW,My face when
MOD,Moderator
MRW,My reaction when
MSG,Message
MYOB,Mind your own business
n00b,Newbie
N1,Nice one
NFW,No fucking way
NFSW,Not safe for work
NIGI,Now I get it
NMH,Not much here
NM,Nothing much
NMU,"Not much, you?"
NOOB,Meaning someone who is bad at (online) games
NVM,Never mind
NW,No way
OBV,Obviously
OFC,Of course
OMFG,Oh my fucking God
OMG,Oh my God
OTT,Over the top
OYO,On your own
P2P,Peer to peer
PDA,Personal display of affection
PEEPS,People
PIC,Picture
PLZ,Please
POV,Point of view
PROBS,Probably
PTL,Praise the Lord
RIP,Rest in peace
RL,Real life
RLY,Really
RME,Rolling my eyes
ROFL,Rolling on floor laughing
ROTFL,Rolling on the floor laughing
SAT,Sorry about that
SFAIK,So far as I know
SIMYC,Sorry I missed your call
SMH,Shaking my head
SOS,Help
SRSLY,Seriously
SRY,Sorry
STFU,Shut the fuck up
SUX,sucks
SWAG,free stuff
SYS,See you soon
TBD,To be determined
TBT,Throwback Thursday 
TC,Take care
TGIF,Thank God it's Friday
THX,Thanks
THNX,Thanks
TIL,Today I learned
TL;DR,"Too long, didn't read"
TBH,To be honest
TMYL,Tell me your location
TOS,Terms of service
TTUL,Talk to you later
TTYL,Talk to you later
TTYS,Talk to you soon
TY,Thank you
TYSO,Thank you so much
TYSM,Thank you so much
UTM,You tell me
VIP,Very important person
VRY,Very
WAM,Wait a minute
WAT,What
WBU,What about you
WC,Welcome
WCA,Who cares anyway
WHATEVES,Whatever
WDYK,What do you know
WDYT,What do you think
WKD,Weekend
WRT,With regard to
WTF,What the fuck
WTFO,What the fuck over
WTG,Way to go
WUT,What
WYCM,Will you call me?
WYD,What are you doing?
WYGAM,When you get a minute
WYHAM,When you have a minute
WYLEI,When you least expect it
WYSIWYG,What you see is what you get 
WYWH,Wish you were here
XD,laugh
XOXOXO,hugs and kisses
YKW,You know what
YKWYCD,You know what you can do
YOLO,You only live once
YSYD,Yeah sure you do
ZZZZ,Sleeping
ZOT,Zero tolerance
ICYMI,In case you missed it
KK,cool
YOYO,you’re on your own
CCW,Comments and criticism welcome
CMV,Change my view
DAE,Does anyone else
DM;HS,Doesn't matter;Had sex
FIFY,Fixed it for you
FTFY,Fixed that for you
FWP,First world problem
GGG,Good guy greg
HIFW,How I feel when
HMB,Hold my beer
IAmA,I am a
IANAD,I am not a doctor
IANAL,I am not a lawyer
LoL,League of Legends
NSFL,Not safe for life
NSFW,Not safe for work
OAG,Overly attached girlfriend
OC,Original content
OP,Original poster
PSA,Public service announcement
SO,Significant other
TIFU,Today I Fucked up
WIP,Work in progress
YMMV,Your mileage may vary
YSK,You should know
ಠ_ಠ,disapproval
/s,sarcasm
[serious],Serious responses only
Mod,Moderator
multis,Multireddits
RTFA,read the fucking article
RES,Reddit enhancement suite
SJW,social justice warrior
SRD,subreddit drama
SRS,shit reddit says