user,subreddit
ipokecows,Republican
aleimira,Republican
Slick93,Republican
biggrease,Republican
billystar1979,Republican
VTArmsDealer,Republican
Nodoxxing1234,Republican
ajcole22,Republican
srThoits,Republican
sheffieldandwaveland,Republican
RedSoxGaming,Republican
Excalbian042,Republican
Derp2638,Republican
SouthernNorthEast,Republican
blissvillain,Republican
lovewry,Republican
Wespiratory,Republican
CrimsonChymist,Republican
Km2930,Republican
W00DSY_0WL,Republican
LosPepesContra,Republican
bfletch38,Republican
batman-34,Republican
SezitLykItiz,Republican
amp-is-watching-you,Republican
big-hacker,Republican
SergeantEgo,Republican
tomlaw,Republican
ShUtUpAnDdAnCe0857,Republican
Insufficient-Energy,Republican
Okchud,Republican
johndeer89,Republican
CrackerUmustBtrippin,Republican
The_Ghostly_Void,Republican
Tarantinobrown91,Republican
t-rex_tries,Republican
ns1976,Republican
R3DLINE-MARINE,Republican
piperluck,Republican
HiBrucke6,Republican
Yung_Onions,Republican
kaliseer,Republican
midwestsyde,Republican
travisestes,Republican
Py72o,Republican
ianrome,Republican
AWatcherOfAll,Republican
eskimobrother319,Republican
cmanson,Republican
Mamposteao,Republican
ravenswin,Republican
harambeshotfrst,Republican
Ya-dungoofed,Republican
UTRuser74,Republican
JustTakingNames,Republican
haveananus,Republican
diagramoftruth,Republican
for_the_meme_watch,Republican
Dbrown15,Republican
OrdoXenos,Republican
krikeydile,Republican
rigor-m,Republican
Aloha_Tradin_Co,Republican
theldron,Republican
xixi2,Republican
morganengel,Republican
Rip_Van_Finkle,Republican
PM-ME-HOT-PICTURES,Republican
Gnome_Sane,Republican
Revan_105,Republican
___Keyser_Soze___,Republican
lepuma,Republican
Stando_Powaa,Republican
mcotoole,Republican
Floridaman34105,Republican
TheGreasyHippo,Republican
_Dialectic_,Republican
Richerlie,Republican
Chickachic-aaaaahhh,Republican
Braxo,Republican
Asatru_Dat,Republican
I_Eat_Your_Pets,Republican
josh_legs,Republican
BakedGoods,Republican
marcus45654372,Republican
redditreaderz,Republican
battlerythym,Republican
IClogToilets,Republican
paranoid_giraffe,Republican
melokobeai,Republican
PM_ME_YOUR_BOBBINS,Republican
IkorisSilindrell,Republican
ogwjx,Republican
FairlyOddParent734,Republican
Tutor_et_Ultor,Republican
Nancydrewfan,Republican
MillennialDan,Republican
OpenBookExam,Republican
amp-is-watching-you,Republican
Poopsmith89,Republican
The_Meme_Handle,democrats
clubbooradley,democrats
takeflight_x,democrats
Kahnonymous,democrats
Medcait,democrats
Earthling1980,democrats
wenchette,democrats
MutoidDad,democrats
2HeadedTasmanianBoy,democrats
LaBandaRoja,democrats
Bicit,democrats
EyesintheGreen,democrats
kgthdc2468,democrats
NobleRynne,democrats
newfor2018,democrats
deepasleep,democrats
Zoztrog,democrats
fkinRotter,democrats
OkThatsProblematic,democrats
thesquarerootof1,democrats
WorkingLikaBoss,democrats
Pylons,democrats
SamuraiRafiki,democrats
mjk1093,democrats
LinusWiger,democrats
fericyde,democrats
afadedgiant,democrats
grizzly_intel,democrats
jondrethegiant,democrats
HarpoMarks,democrats
Roolerk,democrats
superjoint23,democrats
lonelynightm,democrats
brwtx,democrats
Flaccid_Leper,democrats
terminator_1264,democrats
question_sunshine,democrats
Dblcut3,democrats
Kamenovski,democrats
Kenmoreland,democrats
normyMacDonald,democrats
Draegoth_,democrats
nscherneck,democrats
garlicdeath,democrats
Milkslinger,democrats
DonaldTrumpPeeTape,democrats
IXIJoshua,democrats
TheConnvictV2,democrats
nickzahn0212,democrats
ShellyATX2,democrats
Ziff-A-Dee-Dew-Law,democrats
DaringSteel,democrats
doyoueven-no,democrats
GregSirico,democrats
palojo,democrats
Nearbyatom,democrats
wrong_me,democrats
OmarIsaiahBetts,democrats
cybexg,democrats
nonotreadit,democrats
saltyboi6969,democrats
foundmycenter,democrats
randy88moss,democrats
auditoryeden,democrats
TheWildEddyJ,democrats
7yearlurkernowposter,democrats
Tribat_1,democrats
LilDewey99,democrats
ultra-secret,democrats
Agisilaus23,democrats
Ismokeshatter92,democrats
zieger,democrats
th1961,democrats
microcosmic5447,democrats
UrToxxic,democrats
Nocturne7280,democrats
tbktheamazings,democrats
anotherblue,democrats
Emrico1,democrats
casstraxx,democrats
Battle2heaven,democrats
ReginaldJohnston,democrats
champdafister,democrats
Millwalky,democrats
veeflarub,democrats
TheAmericanQ,democrats
throwmeaway_1317,democrats
MrBobBuilder,democrats
TheFluzzy,democrats
red_carpet_hero,democrats
tweettranscriberbot,democrats
smokey9886,democrats
Xio345,democrats
Jmath616,democrats
fdgvieira,democrats
alsoaprettybigdeal,democrats
goforthandconquer,democrats
radialmonster,democrats
